categoria;referencia_producto;enlace_producto;imagen_url;precio;disponible;titulo_producto
Barbacoas Carbón/Leña; 71445 ;https://mibarbacoa.com/es/barbacoas-carbon-lena/plegable-imex-el-zorro-71445;https://mibarbacoa.com/1143-home_default/plegable-imex-el-zorro-71445.jpg;36.72;True;Barbacoa Plegable de Carbón 71445 de Imex el Zorro
Barbacoas Carbón/Leña; 71435;https://mibarbacoa.com/es/barbacoas-carbon-lena/plegable-imex-el-zorro-71435;https://mibarbacoa.com/1142-home_default/plegable-imex-el-zorro-71435.jpg;41.64;True;Barbacoa Plegable de Carbón 71435 de Imex el Zorro
Acc. BBQ Obra; 151116;https://mibarbacoa.com/es/acc-bbq-obra/cajon-barbacoa-g12e-para-encastrar;https://mibarbacoa.com/4215-home_default/cajon-barbacoa-g12e-para-encastrar.jpg;45.57;True;Cajón Barbacoa G12E para encastrar
Barbacoas Carbón/Leña; 71400;https://mibarbacoa.com/es/barbacoas-carbon-lena/para-pinchitos-imex-el-zorro;https://mibarbacoa.com/421-home_default/para-pinchitos-imex-el-zorro.jpg;55.14;True;Barbacoa para Pinchitos Imex El Zorro
Barbacoas Carbón/Leña; 71402;https://mibarbacoa.com/es/barbacoas-carbon-lena/imex-el-zorro-71402;https://mibarbacoa.com/1127-home_default/imex-el-zorro-71402.jpg;56.25;True;Barbacoa de Carbón 71402 de Imex el Zorro
Barbacoas Carbón/Leña; 223.1510.000;https://mibarbacoa.com/es/barbacoas-carbon-lena/billy-barbecook;https://mibarbacoa.com/3515-home_default/billy-barbecook.jpg;60.45;True;Barbacoa de carbón Billy de Barbecook
Barbacoas Carbón/Leña; G16P;https://mibarbacoa.com/es/barbacoas-carbon-lena/cajon-brasero-g16p#/522-medidas-52_x_33_x_24_cm;https://mibarbacoa.com/3398-home_default/cajon-brasero-g16p.jpg;64.17;True;Cajón Barbacoa Aitana
Barbacoas Carbón/Leña; 71414;https://mibarbacoa.com/es/barbacoas-carbon-lena/cajon-parrilla-71414-imex-el-zorro;https://mibarbacoa.com/1148-home_default/cajon-parrilla-71414-imex-el-zorro.jpg;67.41;True;Cajón de 42 x 40 cm 71414 Imex El Zorro
Acc. BBQ Obra; 160008;https://mibarbacoa.com/es/acc-bbq-obra/cajon-zinqued-movelar#/576-medidas-51_x_33_x_25;https://mibarbacoa.com/4495-home_default/cajon-zinqued-movelar.jpg;68.65;True;Cajón Barasero Blentia Zincado
Barbacoas Carbón/Leña; 71411;https://mibarbacoa.com/es/barbacoas-carbon-lena/cajon-parrilla-71411-para-imex-el-zorro;https://mibarbacoa.com/448-home_default/cajon-parrilla-71411-para-imex-el-zorro.jpg;70.89;True;Cajón Parrilla 71411 para Barbacoa de Obra de Imex El Zorro
Barbacoas Carbón/Leña; TRCB;https://mibarbacoa.com/es/barbacoas-carbon-lena/turnon-design-house;https://mibarbacoa.com/1263-home_default/turnon-design-house.jpg;73.47;True;Barbacoa de Carbón Turnon Design House
Barbacoas Carbón/Leña; 71413;https://mibarbacoa.com/es/barbacoas-carbon-lena/cajon-parrilla-71413-imex-el-zorro;https://mibarbacoa.com/1149-home_default/cajon-parrilla-71413-imex-el-zorro.jpg;74.21;True;Cajón de 52 x 40 cm 71413 de Imex El Zorro
Barbacoas Carbón/Leña; 160011;https://mibarbacoa.com/es/barbacoas-carbon-lena/cajon-brasero-blentia-w-para-empotrar;https://mibarbacoa.com/4496-home_default/cajon-brasero-blentia-w-para-empotrar.jpg;74.39;True;Cajón Brasero Blentia W para empotrar
Barbacoas Carbón/Leña; 71403;https://mibarbacoa.com/es/barbacoas-carbon-lena/imex-el-zorro-71403;https://mibarbacoa.com/1128-home_default/imex-el-zorro-71403.jpg;78.66;True;Barbacoa de Carbón 71403 de Imex el Zorro
Barbacoas Carbón/Leña; 71412;https://mibarbacoa.com/es/barbacoas-carbon-lena/cajon-parrilla-71412-imex-el-zorro;https://mibarbacoa.com/1150-home_default/cajon-parrilla-71412-imex-el-zorro.jpg;78.76;True;Cajón de 68 x 40 cm 71412 Imex El Zorro
Acc. BBQ Obra; 6212;https://mibarbacoa.com/es/acc-bbq-obra/cajon-barbacoa-de-obra-plan-0#/794-medidas_cajon_tuozi-47_33_10_cm;https://mibarbacoa.com/5653-home_default/cajon-barbacoa-de-obra-plan-0.jpg;79.98;True;Cajón Barbacoa de Obra Plan 0 / 1 Plus Carbón Tuozi
Barbacoas Carbón/Leña; 71580;https://mibarbacoa.com/es/barbacoas-carbon-lena/para-paellas#/726-medidas_barbacoa_71580-40_cm;https://mibarbacoa.com/81-home_default/para-paellas.jpg;81.02;True;Barbacoa de carbón y leña con soporte para paellas
Acc. BBQ Obra; 160013;https://mibarbacoa.com/es/acc-bbq-obra/cajon-extra#/569-medidas-50_x_40_cm;https://mibarbacoa.com/img/p/es-default-home_default.jpg;85.73;True;Cajón Brasero Blentia Extra
Barbacoas Carbón/Leña; 71420;https://mibarbacoa.com/es/barbacoas-carbon-lena/imex-el-zorro-71420-lateral-madera;https://mibarbacoa.com/1130-home_default/imex-el-zorro-71420-lateral-madera.jpg;89.91;True;Barbacoa de Carbón 71420 con Lateral de Madera de Imex El Zorro
Barbacoas Carbón/Leña; 223.9812.000;https://mibarbacoa.com/es/barbacoas-carbon-lena/aumador-otto-barbecook;https://mibarbacoa.com/3530-home_default/aumador-otto-barbecook.jpg;92.07;True;Ahumador eléctrico Otto de Barbecook
Barbacoas Carbón/Leña; 71415;https://mibarbacoa.com/es/barbacoas-carbon-lena/cajon-parrilla-71415-imex-el-zorro;https://mibarbacoa.com/2044-home_default/cajon-parrilla-71415-imex-el-zorro.jpg;101.27;True;Cajón de 80 x 40 cm 71415 de Imex El Zorro
Barbacoas Carbón/Leña; 71406;https://mibarbacoa.com/es/barbacoas-carbon-lena/cajon-parrilla-71406-imex-el-zorro;https://mibarbacoa.com/1146-home_default/cajon-parrilla-71406-imex-el-zorro.jpg;111.97;True;Cajón Parrilla 71406 para Barbacoa de Obra de Imex El Zorro
Barbacoas Carbón/Leña; 71430;https://mibarbacoa.com/es/barbacoas-carbon-lena/imex-el-zorro-71430-lateral-madera;https://mibarbacoa.com/1131-home_default/imex-el-zorro-71430-lateral-madera.jpg;118.16;True;Barbacoa de Carbón 71430 con Lateral de Madera de Imex El Zorro
Barbacoas Carbón/Leña; 71404;https://mibarbacoa.com/es/barbacoas-carbon-lena/barbacoa-de-carbon-de-imex-el-zorro-2;https://mibarbacoa.com/2757-home_default/barbacoa-de-carbon-de-imex-el-zorro-2.jpg;119.27;True;Barbacoa de Carbón 71404 de Imex el Zorro
Barbacoas Carbón/Leña; 223.4540.000;https://mibarbacoa.com/es/barbacoas-carbon-lena/loewy-40-barbecook;https://mibarbacoa.com/3444-home_default/loewy-40-barbecook.jpg;119.97;True;Barbacoa de carbón Loewy 40 de Barbecook
Barbacoas Carbón/Leña; 71408;https://mibarbacoa.com/es/barbacoas-carbon-lena/cajon-parrilla-imex-el-zorro-71408;https://mibarbacoa.com/1144-home_default/cajon-parrilla-imex-el-zorro-71408.jpg;123.67;True;Cajón Parrilla 71408 para Barbacoa de Obra de Imex El Zorro
Barbacoas Carbón/Leña; 223.5915.000;https://mibarbacoa.com/es/barbacoas-carbon-lena/carlo-urban-grey-barbecook;https://mibarbacoa.com/3492-home_default/carlo-urban-grey-barbecook.jpg;125.55;True;Barbacoa de carbón  Carlo Urban Grey de Barbecook
Barbacoas Carbón/Leña; 223.5925.000;https://mibarbacoa.com/es/barbacoas-carbon-lena/carlo-sunshine-yellow-barbecook;https://mibarbacoa.com/3487-home_default/carlo-sunshine-yellow-barbecook.jpg;125.55;True;Barbacoa de carbón  Carlo Sunshine Yellow de Barbecook
Barbacoas Carbón/Leña; 71514;https://mibarbacoa.com/es/barbacoas-carbon-lena/imex-el-zorro-71514;https://mibarbacoa.com/1088-home_default/imex-el-zorro-71514.jpg;134.92;True;Barbacoa de carbón 71514 con Cajón y Parrilla Inox de Imex el Zorro 
Barbacoas Carbón/Leña; 160012;https://mibarbacoa.com/es/barbacoas-carbon-lena/cajon-brasero-blentia-w-inox-para-empotrar;https://mibarbacoa.com/4498-home_default/cajon-brasero-blentia-w-inox-para-empotrar.jpg;138.51;False;Cajón Brasero Blentia W Inox para empotrar
Barbacoas Carbón/Leña; 223.9842.000;https://mibarbacoa.com/es/barbacoas-carbon-lena/ahumador-oskar-s-barbecook;https://mibarbacoa.com/3516-home_default/ahumador-oskar-s-barbecook.jpg;139.49;True;Ahumador de carbón Oskar S de Barbecook
Barbacoas Carbón/Leña; 71407;https://mibarbacoa.com/es/barbacoas-carbon-lena/cajon-parrilla-71407-imex-el-zorro;https://mibarbacoa.com/1147-home_default/cajon-parrilla-71407-imex-el-zorro.jpg;145.16;True;Cajón Parrilla 71407 para Barbacoa de Obra de Imex El Zorro
Barbacoas Carbón/Leña; 71409;https://mibarbacoa.com/es/barbacoas-carbon-lena/cajon-parrilla-imex-el-zorro-71409;https://mibarbacoa.com/1145-home_default/cajon-parrilla-imex-el-zorro-71409.jpg;151.92;True;Cajón Parrilla 71409 para Barbacoa de Obra de Imex El Zorro
Barbacoas Carbón/Leña; 223.4545.000;https://mibarbacoa.com/es/barbacoas-carbon-lena/loewy-45-barbecook;https://mibarbacoa.com/3446-home_default/loewy-45-barbecook.jpg;153.45;True;Barbacoa de carbón Loewy 45 de Barbecook
Barbacoas Carbón/Leña; 71508;https://mibarbacoa.com/es/barbacoas-carbon-lena/imex-el-zorro-71508;https://mibarbacoa.com/1118-home_default/imex-el-zorro-71508.jpg;157.43;True;Barbacoa de Carbón 71508 de Imex El Zorro
Barbacoas Carbón/Leña; 71517;https://mibarbacoa.com/es/barbacoas-carbon-lena/imex-el-zorro-71517;https://mibarbacoa.com/1091-home_default/imex-el-zorro-71517.jpg;157.53;True;Barbacoa de carbón 71517 con Cajón y Elevador Inox de Imex el Zorro 
Barbacoas Carbón/Leña; 71405;https://mibarbacoa.com/es/barbacoas-carbon-lena/imex-el-zorro-71405;https://mibarbacoa.com/59-home_default/imex-el-zorro-71405.jpg;160.92;True;Barbacoa de Carbón 71405 de Imex El Zorro
Barbacoas Carbón/Leña; 71515;https://mibarbacoa.com/es/barbacoas-carbon-lena/imex-el-zorro-71515;https://mibarbacoa.com/1089-home_default/imex-el-zorro-71515.jpg;163.5;True;Barbacoa de carbón 71515 con Cajón y Parrilla Inox de Imex el Zorro
Barbacoas Carbón/Leña; BQ-B;https://mibarbacoa.com/es/barbacoas-carbon-lena/barrelq;https://mibarbacoa.com/2037-home_default/barrelq.jpg;183.12;True;BARRELQ - Barbacoa/Brasero de carbón y Leña
Barbacoas Carbón/Leña; 223.5912.000;https://mibarbacoa.com/es/barbacoas-carbon-lena/karl-barbecook;https://mibarbacoa.com/3502-home_default/karl-barbecook.jpg;172.05;True;Barbacoa de carbón Karl de Barbecook
Barbacoas Carbón/Leña; 223.9839.000;https://mibarbacoa.com/es/barbacoas-carbon-lena/ahumador-oskar-m-barbecook;https://mibarbacoa.com/3520-home_default/ahumador-oskar-m-barbecook.jpg;175.77;True;Ahumador de carbón Oskar M de Barbecook
Barbacoas Carbón/Leña; 71516;https://mibarbacoa.com/es/barbacoas-carbon-lena/imex-el-zorro-71516;https://mibarbacoa.com/1090-home_default/imex-el-zorro-71516.jpg;176.0;True;Barbacoa de carbón 71516 con Cajón y Parrilla Inox de Imex el Zorro
Acc. BBQ Obra; T00083;https://mibarbacoa.com/es/acc-bbq-obra/cajon-barbacoa-de-obra-venit-carbon-acero-tuozi#/798-medidas_cajon_tuozi-545_455_12_cm;https://mibarbacoa.com/5661-home_default/cajon-barbacoa-de-obra-venit-carbon-acero-tuozi.jpg;185.07;True;Cajón Venit Solo Carbón Tuozi
Barbacoas Carbón/Leña; 223.6080.000;https://mibarbacoa.com/es/barbacoas-carbon-lena/edson-red-barbecook;https://mibarbacoa.com/3465-home_default/edson-red-barbecook.jpg;185.07;True;Barbacoa de carbón Edson Red de Barbecook
Barbacoas Carbón/Leña; 223.6010.000;https://mibarbacoa.com/es/barbacoas-carbon-lena/edson-black-barbecook;https://mibarbacoa.com/3461-home_default/edson-black-barbecook.jpg;185.07;True;Barbacoa de carbón Edson Black de Barbecook
Barbacoas Carbón/Leña; 223.4550.000;https://mibarbacoa.com/es/barbacoas-carbon-lena/loewy-50-barbecook;https://mibarbacoa.com/3448-home_default/loewy-50-barbecook.jpg;185.07;True;Barbacoa de carbón Loewy 50 de Barbecook
Barbacoas de Obra; 150062;https://mibarbacoa.com/es/barbacoas-de-obra/italy-grey-7b#/459-parrilla_o_cajon_brasero-solo_con_parrilla_cromada;https://mibarbacoa.com/6699-home_default/italy-grey-7b.jpg;185.07;False;Barbacoa de Obra Italy B
Barbacoas Carbón/Leña; 71440;https://mibarbacoa.com/es/barbacoas-carbon-lena/imex-el-zorro-71440-lateral-madera;https://mibarbacoa.com/1132-home_default/imex-el-zorro-71440-lateral-madera.jpg;185.67;True;Barbacoa de Carbón 71440 con Lateral de Madera de Imex El Zorro
Barbacoas de Obra; 8010;https://mibarbacoa.com/es/barbacoas-de-obra/modulo-banco-plan-0-tuozi-movelar#/784-base_barbacoas-sin_base;https://mibarbacoa.com/5681-home_default/modulo-banco-plan-0-tuozi-movelar.jpg;193.44;True;Módulo Banco Pan/Venit  0
Barbacoas Carbón/Leña; 71532;https://mibarbacoa.com/es/barbacoas-carbon-lena/parrilla-inox-71532-imex-el-zorro;https://mibarbacoa.com/1106-home_default/parrilla-inox-71532-imex-el-zorro.jpg;201.99;True;Barbacoa de Carbón con Parrilla Inox 71532 de Imex El Zorro
Barbacoas Carbón/Leña; 71518;https://mibarbacoa.com/es/barbacoas-carbon-lena/imex-el-zorro-71518;https://mibarbacoa.com/1092-home_default/imex-el-zorro-71518.jpg;202.44;True;Barbacoa de carbón 71518 con Cajón y Elevador Inox de Imex el Zorro 
Barbacoas Carbón/Leña; 223.4555.000;https://mibarbacoa.com/es/barbacoas-carbon-lena/loewy-55-barbecook;https://mibarbacoa.com/3457-home_default/loewy-55-barbecook.jpg;209.25;True;Barbacoa de carbón Loewy 55 de Barbecook
Barbacoas de Obra; 150018;https://mibarbacoa.com/es/barbacoas-de-obra/blasca-2#/459-parrilla_o_cajon_brasero-solo_con_parrilla_cromada/754-color_ladrillo-ladrillo_matizado/761-repisa_superior-repisa_y_estante_de_hormigon/764-pintura-no;https://mibarbacoa.com/4227-home_default/blasca-2.jpg;212.04;True;Barbacoa de Obra Cantabria
Barbacoas de Obra; 150130;https://mibarbacoa.com/es/barbacoas-de-obra/bancada-menorca-grey#/475-color-blanco;https://mibarbacoa.com/4361-home_default/bancada-menorca-grey.jpg;212.97;True;Bancada Menorca
Barbacoas de Obra; 3427/1;https://mibarbacoa.com/es/barbacoas-de-obra/modulo-bancada-new-san-jorge-movelar;https://mibarbacoa.com/572-home_default/modulo-bancada-new-san-jorge-movelar.jpg;212.97;True;Módulo Bancada NEW SAN JORGE
Barbacoas Carbón/Leña; BMA;https://mibarbacoa.com/es/barbacoas-carbon-lena/mini-portatil-jr-baluja-parrilla-carne;https://mibarbacoa.com/1160-home_default/mini-portatil-jr-baluja-parrilla-carne.jpg;219.02;True;Mini Barbacoa de carbón
Barbacoas Carbón/Leña; 71520;https://mibarbacoa.com/es/barbacoas-carbon-lena/parrilla-inox-y-bandeja-madera-71520-imex-el-zorro;https://mibarbacoa.com/1100-home_default/parrilla-inox-y-bandeja-madera-71520-imex-el-zorro.jpg;221.57;True;Barbacoa de carbón 71520 con Parrilla y Bandeja de Imex El Zorro
Acc. BBQ Obra; 160005;https://mibarbacoa.com/es/acc-bbq-obra/cajon-brasero-blentia-inox#/575-medidas-60_x_40_x_30;https://mibarbacoa.com/4494-home_default/cajon-brasero-blentia-inox.jpg;222.27;True;Cajón Brasero Blentia INOX
Barbacoas Carbón/Leña; 223.4512.000;https://mibarbacoa.com/es/barbacoas-carbon-lena/loewy-50-sst-barbecook;https://mibarbacoa.com/3455-home_default/loewy-50-sst-barbecook.jpg;222.27;True;Barbacoa de carbón Loewy 50 SST de Barbecook
Barbacoas Carbón/Leña; 71533;https://mibarbacoa.com/es/barbacoas-carbon-lena/parrilla-inox-71533-imex-el-zorro;https://mibarbacoa.com/1107-home_default/parrilla-inox-71533-imex-el-zorro.jpg;224.67;True;Barbacoa de Carbón con Parrilla Inox 71533 de Imex El Zorro
Barbacoas Carbón/Leña; 71519;https://mibarbacoa.com/es/barbacoas-carbon-lena/imex-el-zorro-71519;https://mibarbacoa.com/1093-home_default/imex-el-zorro-71519.jpg;225.0;True;Barbacoa de carbón 71519 con Cajón y Elevador Inox de Imex el Zorro 
Barbacoas de Obra; 150018 MB;https://mibarbacoa.com/es/barbacoas-de-obra/blasca-2-mb#/459-parrilla_o_cajon_brasero-solo_con_parrilla_cromada/754-color_ladrillo-ladrillo_matizado/761-repisa_superior-repisa_y_estante_de_hormigon/764-pintura-no;https://mibarbacoa.com/4228-home_default/blasca-2-mb.jpg;226.92;True;Barbacoa de Obra Cantabria MB
Barbacoas Carbón/Leña; 71509;https://mibarbacoa.com/es/barbacoas-carbon-lena/imex-el-zorro-71509;https://mibarbacoa.com/1124-home_default/imex-el-zorro-71509.jpg;227.31;True;Barbacoa de Carbón 71509 de Imex El Zorro
Acc. BBQ Obra;Nan;https://mibarbacoa.com/es/acc-bbq-obra/cajon-barbacoa-de-obra-venit-carbon-acero-inox-tuozi#/798-medidas_cajon_tuozi-545_455_12_cm;https://mibarbacoa.com/5665-home_default/cajon-barbacoa-de-obra-venit-carbon-acero-inox-tuozi.jpg;229.71;True;Cajón Inox Venit Solo Carbón Tuozi
Barbacoas de Obra; 8011;https://mibarbacoa.com/es/barbacoas-de-obra/modulo-bancada-plan-venit-1#/784-base_barbacoas-sin_base;https://mibarbacoa.com/5685-home_default/modulo-bancada-plan-venit-1.jpg;231.57;True;Módulo Bancada Plan/Venit 1
Barbacoas de Gas; 27-MM100;https://mibarbacoa.com/es/barbacoas-de-gas/outback-omega-200;https://mibarbacoa.com/4106-home_default/outback-omega-200.jpg;232.5;True;Barbacoa de Gas Outback Omega 200
Barbacoas Carbón/Leña; TRC2301/03;https://mibarbacoa.com/es/barbacoas-carbon-lena/classic-2000-outback;https://mibarbacoa.com/1210-home_default/classic-2000-outback.jpg;232.5;True;Barbacoa de Carbón Classic 2000 Outback
Acc. BBQ Obra; T00080;https://mibarbacoa.com/es/acc-bbq-obra/cajon-barbacoa-de-obra-plan-0-carbon-lena#/796-medidas_cajon_tuozi-47_365_31_cm;https://mibarbacoa.com/5655-home_default/cajon-barbacoa-de-obra-plan-0-carbon-lena.jpg;238.08;True;Cajón Plan Carbón / Leña Tuozi
Barbacoas de Obra; 150001;https://mibarbacoa.com/es/barbacoas-de-obra/bancada-modul-60-p#/748-color_ladrillo-ladrillo_gris;https://mibarbacoa.com/6794-home_default/bancada-modul-60-p.jpg;240.87;True;Módulo Bancada Vélez
Barbacoas de Obra; 150006;https://mibarbacoa.com/es/barbacoas-de-obra/alicante#/620-parrilla_o_cajon_brasero-con_cajon_para_encastrar/754-color_ladrillo-ladrillo_matizado/764-pintura-no;https://mibarbacoa.com/5404-home_default/alicante.jpg;245.75;True;Barbacoa de Obra Alicante
Barbacoas Carbón/Leña; 71521;https://mibarbacoa.com/es/barbacoas-carbon-lena/parrilla-inox-y-bandeja-madera-71521-imex-el-zorro;https://mibarbacoa.com/1101-home_default/parrilla-inox-y-bandeja-madera-71521-imex-el-zorro.jpg;246.44;True;Barbacoa de carbón 71521 con Parrilla y Bandeja de Imex El Zorro
Barbacoas Carbón/Leña; 71534;https://mibarbacoa.com/es/barbacoas-carbon-lena/parrilla-inox-71534-imex-el-zorro;https://mibarbacoa.com/1108-home_default/parrilla-inox-71534-imex-el-zorro.jpg;247.55;True;Barbacoa de Carbón con Parrilla Inox 71534 de Imex El Zorro
Barbacoas Carbón/Leña; 71535;https://mibarbacoa.com/es/barbacoas-carbon-lena/elevador-parrilla-inox-71535-imex-el-zorro;https://mibarbacoa.com/1109-home_default/elevador-parrilla-inox-71535-imex-el-zorro.jpg;249.25;True;Barbacoa de Carbón con Elevador y Parrilla Inox 71535 de Imex El Zorro
Barbacoas Carbón/Leña; 41-HBCUBEOES;https://mibarbacoa.com/es/barbacoas-carbon-lena/cube-everdure#/477-color-gris;https://mibarbacoa.com/4160-home_default/cube-everdure.jpg;250.17;True;Barbacoa portátil CUBE de Everdure
Barbacoas de Obra; 150009 SC;https://mibarbacoa.com/es/barbacoas-de-obra/blasca-2-sc#/459-parrilla_o_cajon_brasero-solo_con_parrilla_cromada/764-pintura-no;https://mibarbacoa.com/6711-home_default/blasca-2-sc.jpg;250.17;True;Barbacoa de Obra Barcelona SC
Barbacoas de Obra; 150019;https://mibarbacoa.com/es/barbacoas-de-obra/caire#/459-parrilla_o_cajon_brasero-solo_con_parrilla_cromada/754-color_ladrillo-ladrillo_matizado/764-pintura-no;https://mibarbacoa.com/5032-home_default/caire.jpg;253.89;True;Barbacoa de Obra Asturias
Barbacoas Carbón/Leña; MC200/11;https://mibarbacoa.com/es/barbacoas-carbon-lena/omega-200-outback;https://mibarbacoa.com/1208-home_default/omega-200-outback.jpg;255.75;True;Barbacoa de Carbón Omega 200 Outback
Acc. BBQ Obra; T00084;https://mibarbacoa.com/es/acc-bbq-obra/cajon-barbacoa-de-obra-venit-carbon-lena-acero-tuozi#/800-medidas_cajon_tuozi-545_455_26_cm;https://mibarbacoa.com/5668-home_default/cajon-barbacoa-de-obra-venit-carbon-lena-acero-tuozi.jpg;256.68;True;Cajón Venit Carbón / Leña Tuozi
Barbacoas de Obra; 150017M;https://mibarbacoa.com/es/barbacoas-de-obra/modulo-bancada-malaga-1#/457-fregadero-no/460-muro-no/754-color_ladrillo-ladrillo_matizado/757-placas-no;https://mibarbacoa.com/5358-home_default/modulo-bancada-malaga-1.jpg;260.4;True;Módulo Bancada Málaga
Barbacoas Carbón/Leña; BMAP;https://mibarbacoa.com/es/barbacoas-carbon-lena/mini-portatil-jr-baluja-parrilla-carne-pescado;https://mibarbacoa.com/1163-home_default/mini-portatil-jr-baluja-parrilla-carne-pescado.jpg;261.85;True;Mini Barbacoa de carbón 2
Barbacoas de Obra; 150013 SC;https://mibarbacoa.com/es/barbacoas-de-obra/pedreres-sc#/459-parrilla_o_cajon_brasero-solo_con_parrilla_cromada/754-color_ladrillo-ladrillo_matizado/764-pintura-no;https://mibarbacoa.com/6705-home_default/pedreres-sc.jpg;263.19;True;Barbacoa de Obra Huesca SC
Barbacoas Carbón/Leña; 223.4502.000;https://mibarbacoa.com/es/barbacoas-carbon-lena/loewy-55-sst-barbecook;https://mibarbacoa.com/3459-home_default/loewy-55-sst-barbecook.jpg;268.77;True;Barbacoa de carbón Loewy 55 SST de Barbecook
Barbacoas de Obra; 4050;https://mibarbacoa.com/es/barbacoas-de-obra/modulo-metalico-esquina-cocinas-exterior-tuozi#/825-medidas_esquina_tuozi-63_63_71_cm;https://mibarbacoa.com/5966-home_default/modulo-metalico-esquina-cocinas-exterior-tuozi.jpg;268.77;True;Módulo Esquina Metal Kitaway
Barbacoas de Obra; 150022;https://mibarbacoa.com/es/barbacoas-de-obra/caire-mb#/459-parrilla_o_cajon_brasero-solo_con_parrilla_cromada/754-color_ladrillo-ladrillo_matizado/764-pintura-no;https://mibarbacoa.com/6701-home_default/caire-mb.jpg;268.77;True;Barbacoa de Obra Asturias MB
Barbacoas Carbón/Leña; 71522;https://mibarbacoa.com/es/barbacoas-carbon-lena/parrilla-inox-y-bandeja-madera-71522-imex-el-zorro;https://mibarbacoa.com/1102-home_default/parrilla-inox-y-bandeja-madera-71522-imex-el-zorro.jpg;268.95;True;Barbacoa de carbón 71522 con Parrilla y Bandeja de Imex El Zorro
Barbacoas Carbón/Leña; 71523;https://mibarbacoa.com/es/barbacoas-carbon-lena/parrilla-inox-elevador-y-bandeja-madera-71523-imex-el-zorro;https://mibarbacoa.com/1103-home_default/parrilla-inox-elevador-y-bandeja-madera-71523-imex-el-zorro.jpg;269.51;True;Barbacoa de carbón 71523 con Parrilla más Elevador y Bandeja de Imex El Zorro
Barbacoas Carbón/Leña; 71506;https://mibarbacoa.com/es/barbacoas-carbon-lena/imex-el-zorro-71506;https://mibarbacoa.com/2744-home_default/imex-el-zorro-71506.jpg;274.26;True;Barbacoa de Carbón 71506 de Imex El Zorro
Acc. BBQ Obra; 160016;https://mibarbacoa.com/es/acc-bbq-obra/cajon-extra-inox#/569-medidas-50_x_40_cm;https://mibarbacoa.com/4500-home_default/cajon-extra-inox.jpg;274.35;True;Cajón Brasero Blentia Extra Inox
Barbacoas Carbón/Leña; 71536;https://mibarbacoa.com/es/barbacoas-carbon-lena/elevador-parrilla-inox-71536-imex-el-zorro;https://mibarbacoa.com/1111-home_default/elevador-parrilla-inox-71536-imex-el-zorro.jpg;274.57;True;Barbacoa de Carbón con Elevador y Parrilla Inox 71536 de Imex El Zorro
Barbacoas de Obra; 150121;https://mibarbacoa.com/es/barbacoas-de-obra/bancada-twist-white#/754-color_ladrillo-ladrillo_matizado;https://mibarbacoa.com/5016-home_default/bancada-twist-white.jpg;275.28;True;Módulo Bancada Almería
Barbacoas de Obra; 150131;https://mibarbacoa.com/es/barbacoas-de-obra/fregadero-menorca-grey#/475-color-blanco;https://mibarbacoa.com/4354-home_default/fregadero-menorca-grey.jpg;275.28;True;Fregadero Menorca
Barbacoas de Obra; 360004;https://mibarbacoa.com/es/barbacoas-de-obra/modulo-bancada-madrid;https://mibarbacoa.com/6408-home_default/modulo-bancada-madrid.jpg;278.07;True;Módulo Bancada Madrid
Barbacoas de Obra; M00400;https://mibarbacoa.com/es/barbacoas-de-obra/modulo-banco-nola-plus-movelar;https://mibarbacoa.com/6041-home_default/modulo-banco-nola-plus-movelar.jpg;278.07;True;Módulo Bancada Nola Plus
Barbacoas de Obra; 8020;https://mibarbacoa.com/es/barbacoas-de-obra/plan-0-tuozi#/782-carbon_o_lena-solo_para_carbon/784-base_barbacoas-sin_base;https://mibarbacoa.com/5598-home_default/plan-0-tuozi.jpg;278.07;True;Barbacoa de Obra Plan 0
Barbacoas de Gas; 27-MM150;https://mibarbacoa.com/es/barbacoas-de-gas/outback-omega-250;https://mibarbacoa.com/4101-home_default/outback-omega-250.jpg;278.07;True;Barbacoa de Gas Outback Omega 250
Barbacoas de Obra; 8005;https://mibarbacoa.com/es/barbacoas-de-obra/modulo-bancada-ego-blanc-white-tuozi-movelar#/475-color-blanco;https://mibarbacoa.com/2792-home_default/modulo-bancada-ego-blanc-white-tuozi-movelar.jpg;278.07;False;Módulo bancada Ego Blanc White
Barbacoas Carbón/Leña; TRC2700P/11;https://mibarbacoa.com/es/barbacoas-carbon-lena/spectrum-outback;https://mibarbacoa.com/1209-home_default/spectrum-outback.jpg;278.07;True;Barbacoa de Carbón Spectrum Outback
Barbacoas de Obra; M00194;https://mibarbacoa.com/es/barbacoas-de-obra/modulo-bancada-new-iberia#/754-color_ladrillo-ladrillo_matizado;https://mibarbacoa.com/6639-home_default/modulo-bancada-new-iberia.jpg;278.99;True;Módulo Bancada New Iberia
Barbacoas de Obra; 150132;https://mibarbacoa.com/es/barbacoas-de-obra/bancada-menorca-white#/475-color-blanco;https://mibarbacoa.com/4358-home_default/bancada-menorca-white.jpg;283.65;True;Bancada Menorca Granito
Barbacoas Carbón/Leña; 160019;https://mibarbacoa.com/es/barbacoas-carbon-lena/cajon-brasero-blentia-2-inox#/578-medidas-60_x_40_x_47;https://mibarbacoa.com/4504-home_default/cajon-brasero-blentia-2-inox.jpg;284.58;False;Cajón Barbacoa Blentia 2 Encastrar Inox
